Apple 아이폰 13 256GB [자급제],"1,180,000원",https://cr.shopping.naver.com/adcr.nhn?x=3UEG4RauV1%2BEpoWS5Hla8v%2F%2F%2Fw%3D%3Ds3Y1QMNS2sMKPdYrs9GKgy9%2Fyb0yWz%2BSHAa%2F9MKF1s2AbsBKbbjTB%2BBCjsLv6tz%2BjlmTrbpx0cp7POSPtZQwLGerZZOSSbXyrOTSwlJ%2Fp4AmfwFxph8PnBDmQLWQS6KdSIRlV57fxNYv4S2PqMFjVt0gAn8lD2%2BxrgblrBqYwPdWug%2B9sjA7rHdeMLkY%2BwIMUQUzDYPs6sIAQ2akrCEq2IDQZD6UDT51Dg8nNb9lI8fV%2BFLPJmN7kd5F0maTGsL0cJLMRroRsMSU4jQ1YvGwPkujc2VrO%2Fau8rc2IuT2ZM3fffisv5tHfoGFh7RH%2BtSaOAFJNLWxG%2Fj2gEfGb7GroeBscGxGN6TVlmLqII02IEasPlwHDlBlPnEimBgFd%2FSMG6nYt0P5vFdgOY0ddt5wMGdXuZRfRwwX3aCqSue4j5mI6AAeQj3zTbX7RnKa1ZE%2FDQ5NpxzD%2BGh1Qsf3DjaBN7jJp7aAnvAxQdVBqR73lqisPVL%2B%2Frl5PLPXtI0kaP8PkmKdeEMdUbtmzDI4Aa7HQcYB6wfb9%2FxP8qWro0lH47vT%2FsLVczLJCqhevNvKxiqcKezdPirNIEhU3YcDKwV2g5OOwyjYWqTf09TTvPZL30s6N%2BSaeNzMd0vRUxsc74seLDhLBwu%2FFQS5xWYf5w6G3jQ%3D%3D&nvMid=29029192591&catId=50001519
Apple 아이폰 13 미니 128GB [자급제],"681,270원",https://cr.shopping.naver.com/adcr.nhn?x=X3m%2Fknyxk8wanAIUxlK%2F6%2F%2F%2F%2Fw%3D%3DslWW57jcdIpg%2BJBvHlwWU3NeRER6N3X5wiRptIyGSyb1hJz9H0Ub4KLvuVTVtNMxMmKcnahGBx8RTDFx32dY5ODtUj4IljXmoejjBxsmI09zwGi4VGxjd9iM2iyFfHGsXkjSDobZ09UGv1Wdqr6ppZci30QtKP1mA7BYZPpxeJLexWvZfe2todmJfmpbNrXnq2drsUEzev9hA0cDt%2BuxFM7ix7jXt7MNVc9AIu4EfDZlNEwRr%2B3STfYHGn%2FB5b3e4f%2FOo1ORudC7iBeFyT5cRiGM22nQsh6aWOGzPQXw1b8LL%2Fowdnq7%2Fmfq67OVRzok0S5SJNLgIdS1XFCtZ5GETGLeAwfEtqYrB0JZG2LIcPt3uk92w7aVpQhDh3G3J2z2uG1fUqIZ7CTqeNBeEUiuIjcEQVh0qf8pZRyhf%2FIAYClQulMSXmodDptJZCDmbU%2FWS8S21Oey7jc5pxS8BquOSqAPzQvOQpktRn2nqaAl90Bi9lbCAHUgYx7U3V2HOvd43o64ifB9DVeZ8ffla9GlFdoKIAsQVXFAfjzv%2FNA7NsKqaqMP03ZdNymaS3IcijDgMjr%2Fvhuz%2FM2bOeEg7k3nONVIs4mupsQ7FgLhZgvOOzg70UbNk5di1V8jUMbmtHii%2FBq7h9PA5SrIXrcWPClBGWw%3D%3D&nvMid=29030650586&catId=50001519
Apple 아이폰 13 프로 128GB [자급제],"1,268,000원",https://cr.shopping.naver.com/adcr.nhn?x=A9BDgyYyk7liX26%2FFDkpr%2F%2F%2F%2Fw%3D%3DsMAM3w%2B6U41n10lsCJYUImXnWpOJyVLr7IPu%2FMHQ%2FUyRhJz9H0Ub4KLvuVTVtNMxME6%2BWDqbrOcbCwEK55Zx57jtUj4IljXmoejjBxsmI09zwGi4VGxjd9iM2iyFfHGsXkjSDobZ09UGv1Wdqr6ppZci30QtKP1mA7BYZPpxeJLexWvZfe2todmJfmpbNrXnquNUGE%2F8E2Wl6h%2B8WEwxe9bix7jXt7MNVc9AIu4EfDZlNEwRr%2B3STfYHGn%2FB5b3e4f%2FOo1ORudC7iBeFyT5cRiGM22nQsh6aWOGzPQXw1b8LL%2Fowdnq7%2Fmfq67OVRzok0S5SJNLgIdS1XFCtZ5GETGHSAMG7ViURZvGEMWhbxzaQxi1OrPZ30CUsHWrlC3gXsG1fUqIZ7CTqeNBeEUiuIjQupWn%2BoS37JHmoJaqivtbsulMSXmodDptJZCDmbU%2FWS8S21Oey7jc5pxS8BquOSqL7TYp%2Fq8N0dYeLWf3iUY%2FG9lbCAHUgYx7U3V2HOvd43o64ifB9DVeZ8ffla9GlFdsF5Xga5saN0CviJ4QxW0B0S%2Flrb1kAt0q7X0MvsExtmEs8cFUTVf2EXpmSuc9bAhOqYwxVvVZlKDLjRFuhu%2BUVxsiGeHNNP%2FFK%2BqsocGKBcQdAiJdwXirBRdnaxfvrBbw%3D%3D&nvMid=29030420587&catId=50001519
Apple 아이폰 13 128GB [자급제],"1,044,000원",https://cr.shopping.naver.com/adcr.nhn?x=QmCwUP5zufreDjfmSBcQtv%2F%2F%2Fw%3D%3Dsoe0Zoh6okXk18%2Fpg7lCSkK3ws%2BNCQGiiRjhgVJ22MrIbsBKbbjTB%2BBCjsLv6tz%2BjpaFo%2BP6Wwxw%2FDa1rV10qVoLfZTmTI3BFbwwuEOrNbyefwFxph8PnBDmQLWQS6KdSIRlV57fxNYv4S2PqMFjVt0gAn8lD2%2BxrgblrBqYwPdWug%2B9sjA7rHdeMLkY%2BwIMUMRx4KxbEWu5oJE2qAkkLfzQZD6UDT51Dg8nNb9lI8fV%2BFLPJmN7kd5F0maTGsL0cJLMRroRsMSU4jQ1YvGwPkujc2VrO%2Fau8rc2IuT2ZM3fffisv5tHfoGFh7RH%2BtSaOAFJNLWxG%2Fj2gEfGb7GroeKNshBjZF7%2Fi%2B0yZKHvYeEDC1ppwoZwAWfs4OC32pcnq6nYt0P5vFdgOY0ddt5wMGTX5lDi1Sv0MRqgp2usA78yxSXoBuXI6Jal8phfbB0yQQ5NpxzD%2BGh1Qsf3DjaBN7nFZfc7Gb23Hm30B6kBkz44PVL%2B%2Frl5PLPXtI0kaP8PkmKdeEMdUbtmzDI4Aa7HQcfJrkaB6hKSIXe1tqH8R56u14DmSsCVkpLGm%2BrJejejuQh2atsvoh%2FQ2HnQRxYfioBlYAc9pHL2yoXStH6cYPD4DfkLIyuldBS3f8m8e6nLmzUhNzs2VE%2B%2Bisqs3JAEppg%3D%3D&nvMid=29030374587&catId=50001519
Apple 아이폰 13 프로 256GB [자급제],"1,404,550원",https://cr.shopping.naver.com/adcr.nhn?x=kigTEloT%2BK4lEZLQP7%2FjV%2F%2F%2F%2Fw%3D%3DsTSoU1rQTNRI6yZhh2PKNecsbocj0u%2BKaHvGJ16O68wRWQE1WikGGRjsm7ORTamZ7uVgjbg4dM2NxxT2mPBoeTSa1PnaaLsR9RwgbuRN0liStdUp9Btxcis%2BGcC1GY1%2FGbjt8rcuyBBn%2Fnjc9R1tFW0Pg%2F6PYJW9LpCSumzPJoiiI9aZyW4hhCgmcrsQhWGWGObEszBFb2RlRYVOgd6veGfKAXVfyDB1yTbVYYpYzcFnUHxlEatbmVq7jmztE%2FywsB1KUcZqqwt9BB3sIFZlFbu0cpUVhpcuEUhqyLwP%2BuDRVXemfpmeX70wC2wQT5nyi5pxiwDZPU40LYzhHX%2FcRv7kib1VAKWxaIwzXNZWSVKOzaLo3YojXuQJMvdaZ%2BI%2Fy%2F0X8gFBBhr6rnnTk5Nq2rJ24sVh73dZKkK1VM45lPiexyTNOpvF5JKAAUscSxRXpjrModG8ApvyDh2g%2Bv61QB3kI42hxPR0ucLHkciJlTSwN%2FOXq06xFLlMCwNDQObjPLcqEhOiscytOptfh0D9%2BArMM84esnWiB1TTvb56l6EDp1esFJM3wmMJ%2BY2WAIav5v4YGjJCSIW1IvBxXT1wG93NPbfrZeC%2F%2F7V9GUvZzwWhWhZ3SMHTcLlpircdRzUgq1JIslBmdxaTx7xO1%2BPPoWw%3D%3D&nvMid=29030492586&catId=50001519
Apple 아이폰 13 미니 256GB [자급제],"1,035,730원",https://cr.shopping.naver.com/adcr.nhn?x=ZDKCrmqnns%2FjgkVvmNr9t%2F%2F%2F%2Fw%3D%3DsDTUZHy%2BTrut1Ajl%2B%2F4zLVMVf51U2qX53l%2F%2Bq644Q%2Fn1hJz9H0Ub4KLvuVTVtNMxMr3M%2BHhF6k7MRlEJNiaXOIDtUj4IljXmoejjBxsmI09zwGi4VGxjd9iM2iyFfHGsXkjSDobZ09UGv1Wdqr6ppZci30QtKP1mA7BYZPpxeJLexWvZfe2todmJfmpbNrXnq057%2FmlbCMWUqQYtn8CmoI7ix7jXt7MNVc9AIu4EfDZlNEwRr%2B3STfYHGn%2FB5b3e4f%2FOo1ORudC7iBeFyT5cRiGM22nQsh6aWOGzPQXw1b8LL%2Fowdnq7%2Fmfq67OVRzok0S5SJNLgIdS1XFCtZ5GETGDWNmD86LsvqTGRYOBugXt5oKCCrHNKTQTNT32sYCXsdG1fUqIZ7CTqeNBeEUiuIjSwJ6%2FrS7DkLS%2Bs4j%2FnkcisulMSXmodDptJZCDmbU%2FWS8S21Oey7jc5pxS8BquOSqMl4EIe2oh1wmuXBteybzOZ6jvySWdAuqdDBn5xzOS4Io64ifB9DVeZ8ffla9GlFdj5zJE32mM2%2FFpkqQt6tZa5oZCaiuZOPWi6EwvmTSnGUEs8cFUTVf2EXpmSuc9bAhCR3jEyt6OcXbAc7k20lpjLAjvHbKujLraF8ZWxiIpqOQdAiJdwXirBRdnaxfvrBbw%3D%3D&nvMid=29030437590&catId=50001519
Apple 아이폰 13 프로 맥스 256GB [자급제],"1,537,550원",https://cr.shopping.naver.com/adcr.nhn?x=ObL4TdFVVOytXP06KlSq6f%2F%2F%2Fw%3D%3DsebGrxUmDsJ%2FFm%2FV5offOG1zA7FSP260QOi4y8iV9BnlWQE1WikGGRjsm7ORTamZ7KFTpgfx%2FTOU3ywusQR9zQCa1PnaaLsR9RwgbuRN0liStdUp9Btxcis%2BGcC1GY1%2FGbjt8rcuyBBn%2Fnjc9R1tFW0Pg%2F6PYJW9LpCSumzPJoiiI9aZyW4hhCgmcrsQhWGWGGRvm2iC%2BAsbJBoGpPZJZjPKAXVfyDB1yTbVYYpYzcFnUHxlEatbmVq7jmztE%2FywsB1KUcZqqwt9BB3sIFZlFbu0cpUVhpcuEUhqyLwP%2BuDRVXemfpmeX70wC2wQT5nyi5pxiwDZPU40LYzhHX%2FcRvyLgaEpjxq7tuGVZXQ6q4AqzaLo3YojXuQJMvdaZ%2BI%2Fy%2F0X8gFBBhr6rnnTk5Nq2rLq5iTBKqC%2FBsiQBTPymWNKxyTNOpvF5JKAAUscSxRXpjrModG8ApvyDh2g%2Bv61QB9KPcVZ%2FKrjPa0MWs5Dn6qRqpfOOatAYSzY40VOcDwBMJQ7%2B%2B64EKB%2FCwjrIJoRho4XoysiikCT6LGJBRVNoil7Mw5DigtCkVU3FcrKcDWLaDWrhHEcp0p%2F%2FKKziu53PdLevVY7iBOZD3u2Q2s%2FfgDrmf12WFx5ZQ8tbsZe%2BIpY3hWw3%2BIByOa0jCVNQVnCDoA%3D%3D&nvMid=29030294588&catId=50001519
Apple 아이폰 13 프로 맥스 128GB [자급제],"1,404,550원",https://cr.shopping.naver.com/adcr.nhn?x=ojFJxXlXJz4CI79ciNTPfP%2F%2F%2Fw%3D%3Ds34VIQ3yQsbKE9sgt0r7fMZvPbNDKQy49GVsjLByuHDpWQE1WikGGRjsm7ORTamZ7NIv7Cj7JKrpnA8vqpr%2BdLia1PnaaLsR9RwgbuRN0liStdUp9Btxcis%2BGcC1GY1%2FGbjt8rcuyBBn%2Fnjc9R1tFW0Pg%2F6PYJW9LpCSumzPJoiiI9aZyW4hhCgmcrsQhWGWGhHspihOVp8HjBCkc%2F5FPbvKAXVfyDB1yTbVYYpYzcFnUHxlEatbmVq7jmztE%2FywsB1KUcZqqwt9BB3sIFZlFbu0cpUVhpcuEUhqyLwP%2BuDRVXemfpmeX70wC2wQT5nyi5pxiwDZPU40LYzhHX%2FcRvz47JPO5LVnsxBLFdOlySouzaLo3YojXuQJMvdaZ%2BI%2Fy%2F0X8gFBBhr6rnnTk5Nq2rLW2ZHIRiMT7goZ%2FbA3ijIyxyTNOpvF5JKAAUscSxRXpjrModG8ApvyDh2g%2Bv61QB9KPcVZ%2FKrjPa0MWs5Dn6qQYyRzCtJowbSpMOptZadLXJQ7%2B%2B64EKB%2FCwjrIJoRho4XoysiikCT6LGJBRVNoil5OHpIV9z%2FDltNt%2BXU4RSTLDWrhHEcp0p%2F%2FKKziu53PdHYpwR8cJful46T08JittLVC40foWPSp9szkUKfgGgBVhWw3%2BIByOa0jCVNQVnCDoA%3D%3D&nvMid=29030367587&catId=50001519
Apple 아이폰 13 프로 512GB [자급제],"1,660,100원",https://cr.shopping.naver.com/adcr.nhn?x=qTUmSxiihf3fmnLRbechkf%2F%2F%2Fw%3D%3DsgWNf4NQ1t1lg2sn1HMAvcf2682f3Nnf56K2lTQseaFQbsBKbbjTB%2BBCjsLv6tz%2BjvWG588BHvqB1%2BJ3cXNYwe5CdrQZG3ROUQdn1gRra1wKfwFxph8PnBDmQLWQS6KdSIRlV57fxNYv4S2PqMFjVt0gAn8lD2%2BxrgblrBqYwPdWug%2B9sjA7rHdeMLkY%2BwIMU%2F7r9owRKQwA1obAu19o%2FvDQZD6UDT51Dg8nNb9lI8fV%2BFLPJmN7kd5F0maTGsL0cJLMRroRsMSU4jQ1YvGwPkujc2VrO%2Fau8rc2IuT2ZM3fffisv5tHfoGFh7RH%2BtSaOAFJNLWxG%2Fj2gEfGb7GroePlvQQZvMJDeTwZsUegKsPgM%2FaZLs%2FdLMgXKuyjO1orx6nYt0P5vFdgOY0ddt5wMGbhZtGI2ecoxEwYJLJjL1caxSXoBuXI6Jal8phfbB0yQQ5NpxzD%2BGh1Qsf3DjaBN7lca8pJnVAllZ%2FEl77tED7RES6RLsp962bwc6PvicBTtFFcURuJXcA9fpBODYEj4ut1EXwZkzkR%2B74%2F6S1yM3I7hClRxwWiD1%2BOSAobiFGBAiA3%2FU2AzguC84AnoS7Lq%2BZAVyQOPiry1MdOoeVSt0MABBzCufu6CHJVQFzUiLwaOHRyPBWbUFRhWScTsgQynPg%3D%3D&nvMid=29030416587&catId=50001519
Apple 아이폰 13 미니 512GB [자급제],"1,306,008원",https://cr.shopping.naver.com/adcr.nhn?x=89xhA6%2F0olyzFTG1wswOTv%2F%2F%2Fw%3D%3DswV42E1VZz8sPkZ9%2BaS7Qu6MQMxK7lfhq4UybHUry2FAbsBKbbjTB%2BBCjsLv6tz%2BjdB2gGfxmRbKqoqm7nEYa7ZTovHtIBhzoHGnwqswPNyKfwFxph8PnBDmQLWQS6KdSIRlV57fxNYv4S2PqMFjVt0gAn8lD2%2BxrgblrBqYwPdWug%2B9sjA7rHdeMLkY%2BwIMUq27XJlSixqK%2BeCw1YH8CQTQZD6UDT51Dg8nNb9lI8fV%2BFLPJmN7kd5F0maTGsL0cJLMRroRsMSU4jQ1YvGwPkujc2VrO%2Fau8rc2IuT2ZM3fffisv5tHfoGFh7RH%2BtSaOAFJNLWxG%2Fj2gEfGb7GroeH6DWtsPMuYGxdDDr5N9Jq7CmVyFtiPJw0tiXT7bmnG16nYt0P5vFdgOY0ddt5wMGVr9%2FdGOrlQV6ISJaHOmLtyxSXoBuXI6Jal8phfbB0yQQ5NpxzD%2BGh1Qsf3DjaBN7nDk%2FkbHZxyMzTBpfIN1hTPowR3Vp0BVWqluApmSF58lFFcURuJXcA9fpBODYEj4uncpFPyXoiGXrZHj5E1KTrbgwwFK7tgHvPcMExpMKm6iiA3%2FU2AzguC84AnoS7Lq%2BQrWY6itk2MeDAOFiCgId4Zn2Fs61Hi%2ByDWpgbqsxtRPhWw3%2BIByOa0jCVNQVnCDoA%3D%3D&nvMid=29030296587&catId=50001519
Apple 아이폰 13 프로 맥스 512GB [자급제],"1,792,150원",https://cr.shopping.naver.com/adcr.nhn?x=T8pVELl1rmazuRyGcND5YP%2F%2F%2Fw%3D%3DsmFxEbml%2BC813V98PhGEG6Um1kV9eo5X6zTn%2FFGstfrJWQE1WikGGRjsm7ORTamZ7TWvNvrTrJmfy0pz%2BL5c0nCa1PnaaLsR9RwgbuRN0liStdUp9Btxcis%2BGcC1GY1%2FGbjt8rcuyBBn%2Fnjc9R1tFW0Pg%2F6PYJW9LpCSumzPJoiiI9aZyW4hhCgmcrsQhWGWGOUisOr%2FsrM0gmiALHeCsDvKAXVfyDB1yTbVYYpYzcFnUHxlEatbmVq7jmztE%2FywsB1KUcZqqwt9BB3sIFZlFbu0cpUVhpcuEUhqyLwP%2BuDRVXemfpmeX70wC2wQT5nyi5pxiwDZPU40LYzhHX%2FcRv6Jf4hll%2F5LvOXjNAr0iloyzaLo3YojXuQJMvdaZ%2BI%2Fy%2F0X8gFBBhr6rnnTk5Nq2rBlJPe3j5b5TImvYQcfvLT6xyTNOpvF5JKAAUscSxRXpjrModG8ApvyDh2g%2Bv61QB9KPcVZ%2FKrjPa0MWs5Dn6qSO%2FTmDzyWk%2F15Svlrc3SxOJQ7%2B%2B64EKB%2FCwjrIJoRho2LyPDWRgylYE96MH4EkL2ZXGKMkJ5NDOZfhldZuVGgEDWrhHEcp0p%2F%2FKKziu53PdGM4IUxOBON%2FJ42cRGeC1khBOZWJr36fHdFKNOdIU1P4y1Vhq%2FH77x9Zlr1IFzyuow%3D%3D&nvMid=29029192586&catId=50001519
Apple 아이폰 13 프로 맥스 1TB [자급제],"2,046,750원",https://cr.shopping.naver.com/adcr.nhn?x=6dKmmH7XTl8AKwnX0R6Gtv%2F%2F%2Fw%3D%3DsPwXvBvu69La6cvLt85CHjAkuqmZwLEA1NJZBiFaAS5hhJz9H0Ub4KLvuVTVtNMxMs%2Bv1lEG7Jc6eHTGhl5OBtjtUj4IljXmoejjBxsmI09zwGi4VGxjd9iM2iyFfHGsXkjSDobZ09UGv1Wdqr6ppZci30QtKP1mA7BYZPpxeJLexWvZfe2todmJfmpbNrXnqArgGaDBKbEfnwAwTC02FZ7ix7jXt7MNVc9AIu4EfDZlNEwRr%2B3STfYHGn%2FB5b3e4f%2FOo1ORudC7iBeFyT5cRiGM22nQsh6aWOGzPQXw1b8LL%2Fowdnq7%2Fmfq67OVRzok0S5SJNLgIdS1XFCtZ5GETGCvMp5bSqy%2FJ%2Bhncqr9OBgZtJphQBHk6ArjkfIoV%2FnSvG1fUqIZ7CTqeNBeEUiuIjaAB8uIYu9siF3ut%2BuyVuCsulMSXmodDptJZCDmbU%2FWS8S21Oey7jc5pxS8BquOSqB9aPs60XaAs0yLnBVw2nhoFlY2PJxmXo%2FLApBw6QUOlmWXdAuntmcqbOFOk%2BQxKwTsYpWArfrP4OWQG6aF6Itg93PNt2NZmagTGmN8YjZ9gramjBwCZI9AwCV4mCTWQmWr00hr0wZC7dtvq8t2AXfNrZDA11Ljc%2BUAi1asr482CaGimR4pR27mrh1IoDTOSgA%3D%3D&nvMid=29029192590&catId=50001519
Apple 아이폰 13 프로 1TB [자급제],"1,913,750원",https://cr.shopping.naver.com/adcr.nhn?x=slVCWXRgg98gaFKt7HEO4f%2F%2F%2Fw%3D%3DsVkrie48eukD9uoJqkifK1z1QMnT5r38MZlMUBwYG7opWQE1WikGGRjsm7ORTamZ7k5VA0i16i8Ws7dOeruLEzCa1PnaaLsR9RwgbuRN0liStdUp9Btxcis%2BGcC1GY1%2FGbjt8rcuyBBn%2Fnjc9R1tFW0Pg%2F6PYJW9LpCSumzPJoiiI9aZyW4hhCgmcrsQhWGWG4P666JAigMTzVZ%2Bn3tMVP%2FKAXVfyDB1yTbVYYpYzcFnUHxlEatbmVq7jmztE%2FywsB1KUcZqqwt9BB3sIFZlFbu0cpUVhpcuEUhqyLwP%2BuDRVXemfpmeX70wC2wQT5nyi5pxiwDZPU40LYzhHX%2FcRv5GLWJ19WsfdUurjnuhdGxSzaLo3YojXuQJMvdaZ%2BI%2Fy%2F0X8gFBBhr6rnnTk5Nq2rBncKaMhjSfTIcx0wfCOJd2xyTNOpvF5JKAAUscSxRXpjrModG8ApvyDh2g%2Bv61QB4hhUHSIqUSzlwwt5cSI9Il1I8EDCh5n2RBrPUf%2BYM4BX8a%2FHvPOPEuDd1Ce%2FzZYNZ9Uc3toZtz7ip%2B0sHDPwbYgL6J8lnwzAXizrJMDZvArhTj8Nm2pwYInjXfttSFW1V7M%2FfwIr8aSgk8xjthCxN0DfkLIyuldBS3f8m8e6nLmzUhNzs2VE%2B%2Bisqs3JAEppg%3D%3D&nvMid=29029192588&catId=50001519
Apple 아이폰 13 512GB [자급제],"1,419,000원",https://cr.shopping.naver.com/adcr.nhn?x=66yMYnBcqdF1RnBYweG8Sf%2F%2F%2Fw%3D%3DsAg%2FC%2FOStFPYsawQ0nwtIpx8Laif5FICMESjaw9m6tplhJz9H0Ub4KLvuVTVtNMxMhm4p3jYe8AbtrIZJZXEj2ztUj4IljXmoejjBxsmI09zwGi4VGxjd9iM2iyFfHGsXkjSDobZ09UGv1Wdqr6ppZci30QtKP1mA7BYZPpxeJLexWvZfe2todmJfmpbNrXnqMp%2F9XPfjTZN93E2a1T98erix7jXt7MNVc9AIu4EfDZlNEwRr%2B3STfYHGn%2FB5b3e4f%2FOo1ORudC7iBeFyT5cRiGM22nQsh6aWOGzPQXw1b8LL%2Fowdnq7%2Fmfq67OVRzok0S5SJNLgIdS1XFCtZ5GETGEwSqYEz1a%2BbMLpF4iI3%2BA%2Bd6PbPnc9RLVNJQhjAPciPG1fUqIZ7CTqeNBeEUiuIjRXHWM7gXKNzK85Lvu0ZShsulMSXmodDptJZCDmbU%2FWS8S21Oey7jc5pxS8BquOSqBDNRgebk3hlYyp7a3bInYHPU6pntGCurhu%2FV8uonTYh5X6MB3JdbnBohOi8QY2msiNpeYB4wkD%2Bxh3LR9q67nnDamim%2BTkfHK2Nuua%2BC5jEqaNGIg5VfeLo6uSAHBxLJIpHXAGhRYtdIUJM1KFwJQJXc50eBITwugSNPH3Ok09sVpGw61BSdoQRvEGgfFlc5w%3D%3D&nvMid=29030496586&catId=50001519
Apple 아이폰 13 프로 128GB [LG U+],"633,000원",https://cr.shopping.naver.com/adcr.nhn?x=SCB9Tbqx5lZDoFih2RH7OP%2F%2F%2Fw%3D%3DsOXVrc7K77ZHp1XCfdyuqy7H6wNvK8xjiE%2BQHjO%2Bidj9hJz9H0Ub4KLvuVTVtNMxM6AGBUTAVZqouJ4UpSf3QrTtUj4IljXmoejjBxsmI09zwGi4VGxjd9iM2iyFfHGsXkjSDobZ09UGv1Wdqr6ppZci30QtKP1mA7BYZPpxeJLexWvZfe2todmJfmpbNrXnqg7gKiQG8MTIItSW%2BDJaVQrix7jXt7MNVc9AIu4EfDZlNEwRr%2B3STfYHGn%2FB5b3e4f%2FOo1ORudC7iBeFyT5cRiGM22nQsh6aWOGzPQXw1b8LL%2Fowdnq7%2Fmfq67OVRzok0S5SJNLgIdS1XFCtZ5GETGDUAsZcOZ5Zshxf4wqO%2FZVYncNvTLYFqI8oCr%2FwqYPU9H7RUU7G7711p3Of%2B6gz7p92Vw%2F0K19DTrrPgdxgj%2BDMulMSXmodDptJZCDmbU%2FWS8S21Oey7jc5pxS8BquOSqL7TYp%2Fq8N0dYeLWf3iUY%2FGPU2Wu48FXzKTpLeNC9BkySZv9Z3vZVGXYiyeb1%2FD5s0kykzxRc2ecOUZXAV04fEDc%2F4ECH8ZQzhkjPjvRzkNWOozrw0F%2BzIU1xj1pfooGGV6aiBDwvMNXLqjXdSRRZKEDfkLIyuldBS3f8m8e6nLmzUhNzs2VE%2B%2Bisqs3JAEppg%3D%3D&nvMid=29030175590&catId=50000248
Apple 아이폰 13 미니 256GB [LG U+],"129,000원",https://cr.shopping.naver.com/adcr.nhn?x=I91HJtAC1lsKtUYydclAMP%2F%2F%2Fw%3D%3Ds8NHLfrSWV7rsoraOkh8MHLjRW%2B5B%2BTq6v%2BbsP2yub6tWQE1WikGGRjsm7ORTamZ7%2BElFLtVIZaOJWKt08jcHTya1PnaaLsR9RwgbuRN0liStdUp9Btxcis%2BGcC1GY1%2FGbjt8rcuyBBn%2Fnjc9R1tFW0Pg%2F6PYJW9LpCSumzPJoiiI9aZyW4hhCgmcrsQhWGWGxBB5hi6hqaEwsBLl9PcwYPKAXVfyDB1yTbVYYpYzcFnUHxlEatbmVq7jmztE%2FywsB1KUcZqqwt9BB3sIFZlFbu0cpUVhpcuEUhqyLwP%2BuDRVXemfpmeX70wC2wQT5nyi5pxiwDZPU40LYzhHX%2FcRv9Z1PfN0Y5dNX%2FYP2SN5O4ezaLo3YojXuQJMvdaZ%2BI%2FyLqWgWd0hjfnomE3vy2MrU%2ByflqZIBsj4Htpt1dBP3dixyTNOpvF5JKAAUscSxRXpjrModG8ApvyDh2g%2Bv61QBy76f1u%2BWE%2Bs3CkM%2BRiNFL3%2FzaVgfXndF2fkBs0qzZTvfpF8bfclcJjAeddKIqLqoLd6knqNNki9x6DzbOqd3LOhYZ%2FhI%2FkN84je6k%2F%2BbfyXlG7Pc%2F2144WbRF8YblGZ4rWtFyZ9Nds6AGtSsn16Cd7ke%2FVP%2BgM94BPZkP5YJ%2Bex&nvMid=29030376589&catId=50000248
Apple 아이폰 13 미니 128GB [LG U+],100원,https://cr.shopping.naver.com/adcr.nhn?x=7wpGaxeL9MJklI2sP8UuPv%2F%2F%2Fw%3D%3DsFuNS5BM32SKircKvRBdyX6tAz5eq59fbIlmghK4kx7phJz9H0Ub4KLvuVTVtNMxMfOxQkvpR8IpyhFNl2dO8ZDtUj4IljXmoejjBxsmI09zwGi4VGxjd9iM2iyFfHGsXkjSDobZ09UGv1Wdqr6ppZci30QtKP1mA7BYZPpxeJLexWvZfe2todmJfmpbNrXnq%2BhHtf9UPvVuecHCypfH0H7ix7jXt7MNVc9AIu4EfDZlNEwRr%2B3STfYHGn%2FB5b3e4f%2FOo1ORudC7iBeFyT5cRiGM22nQsh6aWOGzPQXw1b8LL%2Fowdnq7%2Fmfq67OVRzok0S5SJNLgIdS1XFCtZ5GETGJWuTucoe3pu8%2Fx328T2KFh1e64%2Bxq2BhT2J3aNN%2FwB9H7RUU7G7711p3Of%2B6gz7p4i%2B%2B0TiN1WHckstX11vwyMulMSXmodDptJZCDmbU%2FWS8S21Oey7jc5pxS8BquOSqAPzQvOQpktRn2nqaAl90BiPU2Wu48FXzKTpLeNC9BkySZv9Z3vZVGXYiyeb1%2FD5s6GHHqEjJKH86OXOfcUV%2FyuhYZ%2FhI%2FkN84je6k%2F%2BbfyXjHbngYGRGDbpl%2FQKUKYUouIDFvmvqiqMnlsWfe2jWRDke%2FVP%2BgM94BPZkP5YJ%2Bex&nvMid=29030431586&catId=50000248
Apple 아이폰 13 프로 256GB [LG U+],"765,000원",https://cr.shopping.naver.com/adcr.nhn?x=Byk47QPnuHiVBcSD2jkOVf%2F%2F%2Fw%3D%3DsC6RDAllHnYy%2BGFnULh%2BO2ULFe7Nj4MgnfMKUiUD51csbsBKbbjTB%2BBCjsLv6tz%2BjY2KfFu%2BYzpR2AqBnu30JnZ71UiKHUbsNEuW7f%2BG6XW2fwFxph8PnBDmQLWQS6KdSIRlV57fxNYv4S2PqMFjVt0gAn8lD2%2BxrgblrBqYwPdWug%2B9sjA7rHdeMLkY%2BwIMUMJUr%2Fr5heP7x50dYzAAW6TQZD6UDT51Dg8nNb9lI8fV%2BFLPJmN7kd5F0maTGsL0cJLMRroRsMSU4jQ1YvGwPkujc2VrO%2Fau8rc2IuT2ZM3fffisv5tHfoGFh7RH%2BtSaOAFJNLWxG%2Fj2gEfGb7GroeC1Wm%2FS6BxmpnYto7dj6rx2jtUuiVMOo3uMQTLwb5NsZXDWTeRReOiaoO3w1jY%2BQmoPzJdSGWBt3WJVMEW2Iq0aAQ%2BNIqlmjXmDKTrrOSU2AQ5NpxzD%2BGh1Qsf3DjaBN7lca8pJnVAllZ%2FEl77tED7QUK8v2WSSGg1nP3KC3hzty8jR8gVF8FlQ9pItE8Zzc8t%2BNm%2BgROoVcKSaeIQmi4hjQHDVNNGUD57nZBVWTlMX%2B%2BgtF15PMkmjkNDmi88yMRRrp5izQVUusCx37AqXBnHP0UbNk5di1V8jUMbmtHii%2FBq7h9PA5SrIXrcWPClBGWw%3D%3D&nvMid=29030415586&catId=50000248
Apple 아이폰 13 128GB [LG U+],"350,000원",https://cr.shopping.naver.com/adcr.nhn?x=8roXC%2B0ezkVb68mZxAHF0%2F%2F%2F%2Fw%3D%3DsHwOFhhXedGEILfv4pU7ePJbBGmAFwLkfPXwtduFGgnFWQE1WikGGRjsm7ORTamZ7En2hUhpCh8SiHhirUqDkZia1PnaaLsR9RwgbuRN0liStdUp9Btxcis%2BGcC1GY1%2FGbjt8rcuyBBn%2Fnjc9R1tFW0Pg%2F6PYJW9LpCSumzPJoiiI9aZyW4hhCgmcrsQhWGWGwosKqTnb%2BAqxbJsu%2BamdqfKAXVfyDB1yTbVYYpYzcFnUHxlEatbmVq7jmztE%2FywsB1KUcZqqwt9BB3sIFZlFbu0cpUVhpcuEUhqyLwP%2BuDRVXemfpmeX70wC2wQT5nyi5pxiwDZPU40LYzhHX%2FcRv56lQcONyjin7mtvBHesYXuzaLo3YojXuQJMvdaZ%2BI%2FyLqWgWd0hjfnomE3vy2MrU5rJ6waW0TBno%2Fk2vxy%2B9sexyTNOpvF5JKAAUscSxRXpjrModG8ApvyDh2g%2Bv61QB8Y7YlAvEakB77%2FCbXhDtrmhzDfp6Y5Zq42WobtISlGzbDgfm78NqUslrTiGuyy0AbNjz76PYC0bWLrXjUJq8QMRpOFzCbaM6OU97uoPifjr6T6evzYQTSw1PQFA0Bf1%2BW4DJ%2BfX63L9epDcBSUsOVmCqA6%2BrrPkSkQjk3bFq%2FUy&nvMid=29030372586&catId=50000248
Apple 아이폰 13 미니 512GB [LG U+],"426,200원",https://cr.shopping.naver.com/adcr.nhn?x=v6ROCXy65x%2FxEjp%2FPtVYf%2F%2F%2F%2Fw%3D%3DsCXtOFAqu%2FcE%2FwT3a6KUIf%2FsjaL5oJSTLexT2TiprBcobsBKbbjTB%2BBCjsLv6tz%2BjvGr0nep7FQSpZtGsGPQSD49L2fQxbifoW08pmRtQFkKfwFxph8PnBDmQLWQS6KdSIRlV57fxNYv4S2PqMFjVt0gAn8lD2%2BxrgblrBqYwPdWug%2B9sjA7rHdeMLkY%2BwIMUYN6xeMDoEaAupbc0zTGDWzQZD6UDT51Dg8nNb9lI8fV%2BFLPJmN7kd5F0maTGsL0cJLMRroRsMSU4jQ1YvGwPkujc2VrO%2Fau8rc2IuT2ZM3fffisv5tHfoGFh7RH%2BtSaOAFJNLWxG%2Fj2gEfGb7GroeD8R1rXK%2FO1elgfFuH5F5eAyOkibDQ%2FQrMcTY3ooGH7YXDWTeRReOiaoO3w1jY%2BQmuKuj%2F9c5XZkKSjaYPHR6amAQ%2BNIqlmjXmDKTrrOSU2AQ5NpxzD%2BGh1Qsf3DjaBN7nDk%2FkbHZxyMzTBpfIN1hTMFp1UnEPxT%2FlNfJS%2BGCP%2FW8jR8gVF8FlQ9pItE8Zzc8sQG%2FfWP%2FI60yas7Bpj88lW30avhlHbvSXOOF7SAOjuv%2BgtF15PMkmjkNDmi88yMRUexlpafxT%2Fe5YuwS2GOfGX0UbNk5di1V8jUMbmtHii%2FBq7h9PA5SrIXrcWPClBGWw%3D%3D&nvMid=29030419586&catId=50000248
Apple 아이폰 13 프로 맥스 256GB [LG U+],"960,600원",https://cr.shopping.naver.com/adcr.nhn?x=Jb07G7Ny%2BlXGhwrVEtgRGP%2F%2F%2Fw%3D%3DseiwpMfEcQdFGPvvPmuf3SkF5HjqUyomvJUqKuDaMxcBhJz9H0Ub4KLvuVTVtNMxM82gGRHxTdVT09ZP3HExMQDtUj4IljXmoejjBxsmI09zwGi4VGxjd9iM2iyFfHGsXkjSDobZ09UGv1Wdqr6ppZci30QtKP1mA7BYZPpxeJLexWvZfe2todmJfmpbNrXnqXLTN90WNo2bfYUnKxvyYpLix7jXt7MNVc9AIu4EfDZlNEwRr%2B3STfYHGn%2FB5b3e4f%2FOo1ORudC7iBeFyT5cRiGM22nQsh6aWOGzPQXw1b8LL%2Fowdnq7%2Fmfq67OVRzok0S5SJNLgIdS1XFCtZ5GETGNZ%2FXNQdsaiYLca19t2R4PjJxazdOMMdW%2FhzVKqxe625H7RUU7G7711p3Of%2B6gz7p3o0Uokf0xPBHG5gB8v%2F5PoulMSXmodDptJZCDmbU%2FWS8S21Oey7jc5pxS8BquOSqB9aPs60XaAs0yLnBVw2nhpOY84wQDkAD0jlsBG9SPwymlPajaisdEHNdTMLgTpRZhjq0%2F6db1IzRS1vt1JNKovyB%2Fbxl9BHwzXHbCN7E8DFYnHIcETcJifOE8sb44IMxTtFCz3hoXNg%2FQ910f%2BJ%2Fv9Doc2rkXpHXq5S9k6nbyZ1DhLBwu%2FFQS5xWYf5w6G3jQ%3D%3D&nvMid=29030190586&catId=50000248
Apple 아이폰 13 프로 맥스 128GB [LG U+],"831,700원",https://cr.shopping.naver.com/adcr.nhn?x=Gx%2BzBPfNlJz9DHN%2BCXoSL%2F%2F%2F%2Fw%3D%3Ds7JWoySe0VyzSfODJgNCEGlEFMMhoX4MRZBAd6lHbCyphJz9H0Ub4KLvuVTVtNMxMsDpvZA%2F4ZQvcpXgdsm1rOjtUj4IljXmoejjBxsmI09zwGi4VGxjd9iM2iyFfHGsXkjSDobZ09UGv1Wdqr6ppZci30QtKP1mA7BYZPpxeJLexWvZfe2todmJfmpbNrXnqW6RWFOvR2FN0g9uRh450ELix7jXt7MNVc9AIu4EfDZlNEwRr%2B3STfYHGn%2FB5b3e4f%2FOo1ORudC7iBeFyT5cRiGM22nQsh6aWOGzPQXw1b8LL%2Fowdnq7%2Fmfq67OVRzok0S5SJNLgIdS1XFCtZ5GETGGr05IKYZ0tOWNb5vaseYt8xi1OrPZ30CUsHWrlC3gXsH7RUU7G7711p3Of%2B6gz7p8Q15tq34bHUzztjQtYhQd4ulMSXmodDptJZCDmbU%2FWS8S21Oey7jc5pxS8BquOSqB9aPs60XaAs0yLnBVw2nho6c3LzYb1WUhQ7KL%2BYXh9qmlPajaisdEHNdTMLgTpRZq2qPKkuIX8VWQpeVrSnfWfrcQConcMNIvx7cm4sTe6KYnHIcETcJifOE8sb44IMxbkO6B5GAOVDH6wAsS85qP%2FIwbJGFBzvD6nf2HtLa%2FcfHRyPBWbUFRhWScTsgQynPg%3D%3D&nvMid=29030352586&catId=50000248
Apple 아이폰 13 프로 512GB [LG U+],"1,097,400원",https://cr.shopping.naver.com/adcr.nhn?x=%2BULJ4oM5O7ZY%2FiHIxptggP%2F%2F%2Fw%3D%3Ds65wTco9bJuQa5xZR4zIM5upNCh2OxbJurxYoa3kgXHwbsBKbbjTB%2BBCjsLv6tz%2Bj5VguhYAHH5TcZHkPL3OqMZCdrQZG3ROUQdn1gRra1wKfwFxph8PnBDmQLWQS6KdSIRlV57fxNYv4S2PqMFjVt0gAn8lD2%2BxrgblrBqYwPdWug%2B9sjA7rHdeMLkY%2BwIMUmRDWhNotjbnuwU%2BcfNUqnjQZD6UDT51Dg8nNb9lI8fV%2BFLPJmN7kd5F0maTGsL0cJLMRroRsMSU4jQ1YvGwPkujc2VrO%2Fau8rc2IuT2ZM3fffisv5tHfoGFh7RH%2BtSaOAFJNLWxG%2Fj2gEfGb7GroeGCYpLcOd3o8CdtF1wFcvlg9bq0vTxa4ZMgxI7dDD6DfXDWTeRReOiaoO3w1jY%2BQmu8LW2LtSMAv5DT9q6KyXO2AQ%2BNIqlmjXmDKTrrOSU2AQ5NpxzD%2BGh1Qsf3DjaBN7lca8pJnVAllZ%2FEl77tED7QddIpsj%2FfZpwzvHXHrDIg98jR8gVF8FlQ9pItE8Zzc8jolyQXu5EyZkFYupR3A6sCkWa2Y%2FEha3fOQrQXrSfIfjr%2Fvhuz%2FM2bOeEg7k3nONVebDZpTj3G8pchiLcZy6vPAjvHbKujLraF8ZWxiIpqOQdAiJdwXirBRdnaxfvrBbw%3D%3D&nvMid=29030295586&catId=50000248
Apple 아이폰 13 256GB [LG U+],"502,000원",https://cr.shopping.naver.com/adcr.nhn?x=Wy%2FxI15%2B3wKZERm3%2FFNojv%2F%2F%2Fw%3D%3Ds9SmfhDX7Njb86ROmb45UQE7u%2FyvnkSqknLcfFQnqEUcbsBKbbjTB%2BBCjsLv6tz%2BjVAEhppKDsARw5xx5O51lFNLfWzVkVHs2UwLZI6YOUjSfwFxph8PnBDmQLWQS6KdSIRlV57fxNYv4S2PqMFjVt0gAn8lD2%2BxrgblrBqYwPdWug%2B9sjA7rHdeMLkY%2BwIMUOYQbPHRk7gx3HlPTUxI7DDQZD6UDT51Dg8nNb9lI8fV%2BFLPJmN7kd5F0maTGsL0cJLMRroRsMSU4jQ1YvGwPkujc2VrO%2Fau8rc2IuT2ZM3fffisv5tHfoGFh7RH%2BtSaOAFJNLWxG%2Fj2gEfGb7GroeA8bPXMaAl0adLULu%2BtHUJlbdbkqrPJuHPzOQR2M8TWBXDWTeRReOiaoO3w1jY%2BQmrm62DaM%2FjLbn%2BZTCIGeAKvCHJicsJEeUMpeBKOSffdWQ5NpxzD%2BGh1Qsf3DjaBN7jJp7aAnvAxQdVBqR73lqivpLKfV7lHXkGfYNhWiUOPtINRw1QNF%2FOPJXb5%2B358LYP%2Be2TDkvPOorD9tC2Byki3vW2q1ZBpuV%2F%2FvtKUgTGHnVXmiYa23iMTZlCunnQ%2BQ9xIJNwXkS5QX%2BTN6bhSm4cXHICEQpPL7Rm%2B2fyhjEhHR&nvMid=29030189588&catId=50000248
Apple 아이폰 13 512GB [LG U+],"839,000원",https://cr.shopping.naver.com/adcr.nhn?x=Lq%2BSsGoQJ8KTok4enbzzC%2F%2F%2F%2Fw%3D%3DsCGzIz2tlhEU3F5UTeLZWcReddPDX%2BffhqEiSGmmvRp9hJz9H0Ub4KLvuVTVtNMxMBiObauuL3seS4prEbUkm0DtUj4IljXmoejjBxsmI09zwGi4VGxjd9iM2iyFfHGsXkjSDobZ09UGv1Wdqr6ppZci30QtKP1mA7BYZPpxeJLexWvZfe2todmJfmpbNrXnqJg934XoEkbAciqCMIan0C7ix7jXt7MNVc9AIu4EfDZlNEwRr%2B3STfYHGn%2FB5b3e4f%2FOo1ORudC7iBeFyT5cRiGM22nQsh6aWOGzPQXw1b8LL%2Fowdnq7%2Fmfq67OVRzok0S5SJNLgIdS1XFCtZ5GETGCeZtL0qQrKfChw4zUXCSSad6PbPnc9RLVNJQhjAPciPH7RUU7G7711p3Of%2B6gz7p5QIt58Vv2GBgMmfT5c9OaMulMSXmodDptJZCDmbU%2FWS8S21Oey7jc5pxS8BquOSqGSOA9t8GUmkhelD4RBTDkX5YbLlxragaaIQX6kJDBj8D6QkZjCZcMNTR4jeTmX45T%2BYA771QeDnX2Rf3z2EavMNauEcRynSn%2F8orOK7nc90ZH9b7LNmn%2FWMVjpr8uyfXcBdsMCZjoGFIplbTLZglGjLVWGr8fvvH1mWvUgXPK6j&nvMid=29030296586&catId=50000248
Apple 아이폰 13 프로 맥스 512GB [LG U+],"1,321,000원",https://cr.shopping.naver.com/adcr.nhn?x=WYplMlLvmXdH7d4FOYdsu%2F%2F%2F%2Fw%3D%3DsDP3Fo6oqAPcnBjNqZY3%2BeVm9IwPA47E6a5IEZUpBW%2BAbsBKbbjTB%2BBCjsLv6tz%2Bj%2BTcdsGc%2FHKhz6PSuZtYiUI1JdklgRuzBrYmAI7S92AOfwFxph8PnBDmQLWQS6KdSIRlV57fxNYv4S2PqMFjVt0gAn8lD2%2BxrgblrBqYwPdWug%2B9sjA7rHdeMLkY%2BwIMUeLonWMPrGi0RSJvZfvKEXzQZD6UDT51Dg8nNb9lI8fV%2BFLPJmN7kd5F0maTGsL0cJLMRroRsMSU4jQ1YvGwPkujc2VrO%2Fau8rc2IuT2ZM3fffisv5tHfoGFh7RH%2BtSaOAFJNLWxG%2Fj2gEfGb7GroePM6nvQ47Ilc8ahXeZBF1hlAH%2BaQTiTuRlS7d%2FfZgEQSXDWTeRReOiaoO3w1jY%2BQmmtr3f12g1qSQGYtbRxcvcpbtOJF3WmK%2BvTfXVskms1tQ5NpxzD%2BGh1Qsf3DjaBN7lca8pJnVAllZ%2FEl77tED7TMiO1EwBl248hVErpnkKDkGclVz%2FDAcedT3HbTBbbLwStrndW%2Fn2cGD1NJ%2Fsy3znXecaYXxJCb1kImf7H%2BSk3iT8AlxSYkXaLH96LNyv1p9aDKKHRfeF42dMQ9RycXGAZn%2FUfx1leCtg0xbM0NR812zY6of2Xpggjm6A4Z8HgJhg%3D%3D&nvMid=29030181590&catId=50000248
Apple 아이폰 13 프로 1TB [LG U+],"1,426,200원",https://cr.shopping.naver.com/adcr.nhn?x=f9ADorJWJtZiH1vgCGLKd%2F%2F%2F%2Fw%3D%3DsDThasnEKs3gi%2FYtn8kl1SghVoHPaSbVTrO0pqawcLhdhJz9H0Ub4KLvuVTVtNMxMb%2BSr6y3KaVZ7SSv1Z3ITcTtUj4IljXmoejjBxsmI09zwGi4VGxjd9iM2iyFfHGsXkjSDobZ09UGv1Wdqr6ppZci30QtKP1mA7BYZPpxeJLexWvZfe2todmJfmpbNrXnqXjTaYLCBU0RKnrlIKcfhorix7jXt7MNVc9AIu4EfDZlNEwRr%2B3STfYHGn%2FB5b3e4f%2FOo1ORudC7iBeFyT5cRiGM22nQsh6aWOGzPQXw1b8LL%2Fowdnq7%2Fmfq67OVRzok0S5SJNLgIdS1XFCtZ5GETGMFR1DNYHA3daOeJ4MGUKLDz%2BW1R6bbqRnUCfQXLuR7JH7RUU7G7711p3Of%2B6gz7p%2FY%2Fql%2F0mhQoQsenoNjDXsMulMSXmodDptJZCDmbU%2FWS8S21Oey7jc5pxS8BquOSqL7TYp%2Fq8N0dYeLWf3iUY%2FFCJ%2F0P0zUbWoKtYr5Bg%2B6rV5wvSck0MfgYLl2aZJDmmg8N%2FJQJ4Uo%2FxhP8JClIMqEP0iJ%2FXR2nc%2BxqH1kwSFRBENhIgRPMYNFcTSqPHgE9TKn1n%2Fh3EiJ9tqlBY9MdhZpWhZ3SMHTcLlpircdRzUgq1JIslBmdxaTx7xO1%2BPPoWw%3D%3D&nvMid=29030294586&catId=50000248
Apple 아이폰 13 프로 맥스 1TB [LG U+],"1,580,200원",https://cr.shopping.naver.com/adcr.nhn?x=OfDoc4L%2Fq7j%2FkN4UqiH82P%2F%2F%2Fw%3D%3DsL1Rqpuj8c0z%2BJZ3Li8uOplnTykhQN4uK31X%2FjZ%2B%2BFf8bsBKbbjTB%2BBCjsLv6tz%2BjHAqb9vw2S3x79REhE6gMDiPnQCZi7Q3roqPSIMzC28qfwFxph8PnBDmQLWQS6KdSIRlV57fxNYv4S2PqMFjVt0gAn8lD2%2BxrgblrBqYwPdWug%2B9sjA7rHdeMLkY%2BwIMUv%2FiyLKIYZJmYdqtV06rV7DQZD6UDT51Dg8nNb9lI8fV%2BFLPJmN7kd5F0maTGsL0cJLMRroRsMSU4jQ1YvGwPkujc2VrO%2Fau8rc2IuT2ZM3fffisv5tHfoGFh7RH%2BtSaOAFJNLWxG%2Fj2gEfGb7GroeKA4D8C38jzddHUy%2F7TDzDuHI%2BUf5u7Wiw4bGopw1lGEXDWTeRReOiaoO3w1jY%2BQmmtr3f12g1qSQGYtbRxcvcqxSXoBuXI6Jal8phfbB0yQQ5NpxzD%2BGh1Qsf3DjaBN7lca8pJnVAllZ%2FEl77tED7QsRi2%2BbrHWX4ymc1UmdZJdDk5yE3l1CIhgE97RznNBm0yqOQp5S6zvj2nGzC%2BV8RHNiD01CMVshecGwN84mC74DWrhHEcp0p%2F%2FKKziu53PdJHeTOWUFpXe3dC84cYJcgQst%2FLQaemfYlPOVARfuXi%2Fy1Vhq%2FH77x9Zlr1IFzyuow%3D%3D&nvMid=29030181587&catId=50000248
애플 애플 아이폰13 미니 128GB 미개통 미개봉 새상품,"681,250원",https://cr.shopping.naver.com/adcr.nhn?x=UaVxhjOe1MLwgu%2BhRhIzzP%2F%2F%2Fw%3D%3DsSSEXo99wUkg%2FbKhyb5ejxGRu%2FibmSNFHLHQcUgpEy8dhJz9H0Ub4KLvuVTVtNMxMw%2FYZ8uCnGFHwD5FucWHKxjtUj4IljXmoejjBxsmI09zwGi4VGxjd9iM2iyFfHGsXRml9a9r4DPtUBhiUrGzJ2IfsjsQob2Ne0L7w9JaI7kin0b%2F5UhxhZOSwwPJ7NL%2FB4YgjNjpptmE1aHMdUrlZTxYQuRy3djUFqCzVDwFkB3pARwmuns7jVkFyBr39Lo%2FfhmeWtJmvw8M90EK%2Bzy5a1yVdN3LpKf%2FbKuiZi7z1XJSYSjfGGTtrXysX4xldASVLf6eNoqqCXcsZ0MOzvjtk79h70KxtauexuiiD73hEv8gz2MFVL5QfJ79%2FUg%2BlcZafKq4ddbehsIn9UXEfsne5XGM6p6dA53AXWH1N4sA8aym4SQFFVtotOa7WWO1vpH93mtNbpCtVQJOW%2BVYCbpdM%2FTI4fEQmp0aDEwHhk%2Bk%2BqrE7pQVzBu1lVDTRj7Meeu%2BXzOvGoSLrLA4hkDH83nA4Nd7%2FzmMbdV0%2FIVhN8g9bP%2B%2FL07boOLwoxL6IajskM%2BfZCFOcbZ60AUlLy2GoBvCjVSQFwgtD%2BiemKrCaIeaTJr%2FNjqh%2FZemCCOboDhnweAmG&nvMid=29372181289&catId=50001519
Apple 아이폰 13 mini 자급제 128GB 핑크,"921,500원",https://cr.shopping.naver.com/adcr.nhn?x=vGIlsI2NHXbjo70AdR%2FOd%2F%2F%2F%2Fw%3D%3DsWdOEti2k6HHcUU9thVQl4%2Fas9RBFZgwXtHoD%2FW3kiyQbsBKbbjTB%2BBCjsLv6tz%2Bj5dJEIom2ML7BIIg92vxrFS5MrtZS8XhpqwY5FetWZuWfwFxph8PnBDmQLWQS6KdSIRlV57fxNYv4S2PqMFjVt3ULJJH%2BMKqMyaVu%2BUeO3m60%2B85WmSKK5LY2dJjcChMGEH%2BAaYhDPzU3ewm5W9RQFdZvC7h88OrTsd6pZT12o8hoCkj07qdDsSAIfJ4r0cnfE8Sq47jeI0NlqEn6ftOJSbS5nP%2B8vPWPfSBwfu8dRnW5zZ3TiOR4mcQ71glYYx%2F1SGMvBz6%2BOldMpPLF0iZv2UPg%2F6PYJW9LpCSumzPJoigK7CtQzZWLlur1%2FFge4%2BEpxBQUzeR1NWPJP0A9CWBJUO8%2BgaBihDS9ZwR0KTdmEkfqdi3Q%2Fm8V2A5jR123nAwZgeWDvZvBQpqoUOWMZKhgty9KIEXyygoz5As6sK9Lyp2pp5UgdwAL0UHEe5a4LJbgNbJojzhGLN4yVleevg28AfFP32JTPalZjpgurQHVVoNdFcVqf2H3jLGjqeWrqizMPWOBqLn9wuFW2krk%2FZPUNJi%2FTdaBjGVeojhcxYYdLP%2BPBimPDZwOttZjcrwUclZ9VHs7NnseduFhX1cBxAbK0vMKPnyDxfFftklo1xMh0bFoaKZHilHbuauHUigNM5KA&nvMid=29619937553&catId=50001519
아이폰 Apple 아이폰13 미니 128GB 구매가 34만원,"346,000원",https://cr.shopping.naver.com/adcr.nhn?x=ytVifDEhsIwpaynYNORq2f%2F%2F%2Fw%3D%3Dsz5RdtzYYcfdizncuXoTPmCzZaRRc6HVCisDRArMVLNphJz9H0Ub4KLvuVTVtNMxMvP8Mq0z7vW9Had4h0HgvejtUj4IljXmoejjBxsmI09zwGi4VGxjd9iM2iyFfHGsXRml9a9r4DPtUBhiUrGzJ2IfsjsQob2Ne0L7w9JaI7kin0b%2F5UhxhZOSwwPJ7NL%2FBq%2BwCWpxKyY5gBvXUiP0NEy9pnkjC0unJY%2BCT4sz7hj5ARwmuns7jVkFyBr39Lo%2FfhmeWtJmvw8M90EK%2Bzy5a1yVdN3LpKf%2FbKuiZi7z1XJT77b%2BEHrktZ7IASyjBn9H09XldZeOiX%2BlQ08uWsdx0BNh70KxtauexuiiD73hEv8hII0Z3pg4dyD2AoPBBQXqP7%2B547Fxy5J1F2ejbb1f1%2BteqdF7nWbclhZmqjtkOMX0NZRwoBhemM%2FQQwlL4tYFNCbTBX7iX6atP17XBSATuTLC9xdI%2F2nMBCMhu%2FpBuIegL6nrfebnckJCqgqS%2F1UnINcsSYfVFjiC%2BJZMI2SW2TLk9yx2LE4ozzid%2FD5Tsgrqn8RcGYPeEw%2F9tz7E%2BhSp%2BcGxIVe0Frk53iBzz7YeuWT5tldli49KC377V0gKvYz4NUJgJp6CUXauCvW7Y5AjN&nvMid=29860284145&catId=50001519
Apple 아이폰 13 자급제 256GB 핑크,"1,193,100원",https://cr.shopping.naver.com/adcr.nhn?x=0NW%2FLmS1UVddpDuArfBg5P%2F%2F%2Fw%3D%3Dsih%2Bwm7YG8aFKThakFvpA3eS%2BpXv5AFLDstuPeWk3ogVWQE1WikGGRjsm7ORTamZ7N78Yg%2F6Ct903Up%2F7yXJy%2FSa1PnaaLsR9RwgbuRN0liStdUp9Btxcis%2BGcC1GY1%2FGW40V0%2FOftQo%2BD0STBvrkVXzmYN%2Fcvl75AGnByk2TjWEm5OY6%2FBA05LWPXaqTF3xXnI3Q%2FuFm111yFJnQ1iq5B%2BLVKHEOPeUzp6G3G8y7cPMTE6TRToSEVySvtEbiNvsO1hRNazCV8BPjgKe6iIEVFsTiDKukfC2Ba0TLkahMuqQLTMjHJ5SXMsUABWnldT25eMS7LWFVaveNj33%2Bwr9hoYBsJjzV%2F3vl5Lmd9HbkUGI%2FzdYC%2FwYAihDQzAs9Z5v9CrqaWRBSpuaxIluj9WKzxCCEr1xyY6GFkSu2GoxIDF3%2FRfyAUEGGvquedOTk2rasdMGqBprc2WDuxjUjdPwUp%2FMfo3nPGqzdI1bbGwzcRzMHs7fDUF3hntINts72qVF3EW8lKjQK6JGquGptco6b6wpa8RphWnZ%2Bytd3Toiq%2FwXTNk2p2QegNzimsGvSNugS9e5BNonD2Uq4x%2BWtUTLi%2F6vtUBvfoSsQPvEM6ZWUZTq5Ml2n2GfJvxXU7JqBsTN%2FTsdeTirbNnX5H7ZJAd41TAN%2BQsjK6V0FLd%2Fybx7qcubNSE3OzZUT76KyqzckASmm&nvMid=29064755783&catId=50001519
Apple 아이폰 13 자급제 128GB 블루,"1,057,300원",https://cr.shopping.naver.com/adcr.nhn?x=08ytJQYZX2hWy%2BtqAHIwBf%2F%2F%2Fw%3D%3Ds%2BQbHZMq%2BuRakQtNwJ26w4FK%2Bpg23xili63un%2BUQlGmQbsBKbbjTB%2BBCjsLv6tz%2BjOKU%2FAVIZjvFmLuQhO0LMS3dbHwN4EcBZywG02k6seL%2BfwFxph8PnBDmQLWQS6KdSIRlV57fxNYv4S2PqMFjVt3ULJJH%2BMKqMyaVu%2BUeO3m60%2B85WmSKK5LY2dJjcChMGEH%2BAaYhDPzU3ewm5W9RQFe%2FnI3Hg9RH4gJ1st0gLvsTx3GZguj%2FlVzP42NeGu4eSWSSUqf740jD5t9F5jmrRTbS5nP%2B8vPWPfSBwfu8dRnW4Fsg1KWGf0BD9KCi6fNSDSGMvBz6%2BOldMpPLF0iZv2UPg%2F6PYJW9LpCSumzPJoigK7CtQzZWLlur1%2FFge4%2BEp7EiGegQva7U5f4PU%2F%2B4c4VPBbZ2aYNkTk49s%2BE3nFV%2Fqdi3Q%2Fm8V2A5jR123nAwZIm1V26EaNmzEh6APpVzSO%2BWyptmyhhOiYfXHm5tida2pp5UgdwAL0UHEe5a4LJbgKjElP2JLjsGWfY%2FcDITubLovOB3SoTW5o2Q3fbHj17%2BlkX647Zdjjw9%2Br5Mcvp%2BaOMihKIwqAK5l6ozl4uCU%2BqyyXjh7CUm1Sn%2F1ej63iOHvz2MSxUnROSFnxntOhUikIAF7HrbJxLaNqWIBiERRROdhdwx48qbsf9omuv%2Fds%2FGCqA6%2BrrPkSkQjk3bFq%2FUy&nvMid=29619782067&catId=50001519
아이폰13 프로 128GB 자급제 새상품,"1,084,680원",https://cr.shopping.naver.com/adcr.nhn?x=9QCM%2BY4rKzM%2BxQOvNM8vgP%2F%2F%2Fw%3D%3Ds9jy5Zpwy%2B%2Fe3vbr62gnHVwu0GHELfq9r0%2Bjq3O8sYe1hJz9H0Ub4KLvuVTVtNMxMWx8g3QaXtTKky8rn8GDchTtUj4IljXmoejjBxsmI09zwGi4VGxjd9iM2iyFfHGsXRml9a9r4DPtUBhiUrGzJ2O0JZ4vKXq2xVuFay0gNbwiO%2FsdgQE5FIA0Tw1QMogpFahRXrD%2FlgDeP3XzGaF4plHiEUnRor1N0lrGxfjpcDiH%2BvJW01BTdXAnG%2BdH7Qjh6eMS7LWFVaveNj33%2Bwr9hoYBsJjzV%2F3vl5Lmd9HbkUGI%2FzdYC%2FwYAihDQzAs9Z5v9DJhAbNNqurXe%2Fs1w3TRLWZrozzkiBhjIH5Iu6C5qX6kBG6USNgA%2BnsCxZYeFkQYqE4iQoTDIJkz8X4%2FT6sQjq3k8bMEqY7ZpcvcQSdtkMpi4%2BPW1Hsv7RRsT5wR3UTKo1ByxCsDB5VTKwPiB1gfyJcT4LNhk1f3YB6aFMHGZazZ7lHEDlOwMnRCOlVrFwAqjn3uyzjXfrRB993ZX9GMEFcvTtug4vCjEvohqOyQz59kkGokaxyy4ESSFeJ9pvyci4mnCEB%2BYBoMKsQLFhHuXCs2OqH9l6YII5ugOGfB4CYY%3D&nvMid=30078558865&catId=50001519
Apple 아이폰 13 mini 자급제 256GB 스타라이트,"1,057,300원",https://cr.shopping.naver.com/adcr.nhn?x=uuKU6h%2B5pusk4IompKrlAf%2F%2F%2Fw%3D%3DsZzV8tkpeID536DDcJboHTl1x8O%2F9O0zqnfe%2FdSCU36xhJz9H0Ub4KLvuVTVtNMxM3eywYaL27umcu5ANHIZXGTtUj4IljXmoejjBxsmI09zwGi4VGxjd9iM2iyFfHGsXkjSDobZ09UGv1Wdqr6ppZW3JzeXxkSdTecfUR4%2FvRQjd%2BKwjnmE8nmku4yNhWgwhmfLAARyRl0caaiEG3Q2bq9D4xCf1yKuZGZlWoMqRNxSMe8FYthkPobGNA3JnvaJZS2kPTbBElyXuNH3IhEjfwKK5uUEs%2BqMGnIyvfnClDLCSq9s%2BEVtEAE%2BABRf4EcTR6gJg5WKZuSzTove3D%2BTfwcOmY27ZGze0Q%2BtXRlM4OxtarJoVrbEtunAYIkKGowOqbTm2xz7wb707ifDEjFQuYhWaWYkTj7xp9KvzGz7%2BZegbV9SohnsJOp40F4RSK4iN%2FvydiOUS0VAWaIx%2FNtRcNc3zVaNSnElUms3mYOzPgGkTFHVfVt6irmg4aToR%2FDWxGl0cwMT9EKqrmdNslRhb83K5Uc6F8DVaEv48jJTiUVOhbnS4cQG3z%2FN6X%2BTdBl35D08EF1vCEEnyhODcLwsO6poQyD6kWG1sottTrAHHgk7mELFO07QEQYUyi%2Bk709RTpnD1iC1nqthJFSCml7hldu1csKGl7tdlC29TF6mLw2BvU2Y6hEEwGxc1AZfON9sL4VRAH%2BsMDObarUodGweR8Q%3D%3D&nvMid=29056389772&catId=50001519
애플 아이폰13 미니 256GB 자급제 새상품,"827,080원",https://cr.shopping.naver.com/adcr.nhn?x=8amTpnRVjtRmXTjmqgCHev%2F%2F%2Fw%3D%3DsSFhhaq5E9r1kgfr35WcsQY8csV98fFrpAWZhQzmM37JWQE1WikGGRjsm7ORTamZ74e1DgYTcvHkHiubmon%2BUOia1PnaaLsR9RwgbuRN0liStdUp9Btxcis%2BGcC1GY1%2FGPUi39bKaS4DZHxD6fqTEdyzztiNeGgmURYtyCzXs5b3Zi544fPKaRDi7gFWtqjF2NKIvRqWyC6nw6oL2M6zwwCnjsBQ1Ed6MOy5XjCA3jOQwhFNYelxme0kEUek5YvhbbynxoBdZv2ocKjTHzk7ENbdEBDWBVw0RlzrN2KxzOREkx63w5Tb7Pcz2gZr1HMMs0ejCQVxTwRfXAJJ8XQSqHjPDpGIrabitp2up06DaRfi54J8UO7LDGXdPU9Do8oyMXmq0wb8nQ9S1CNyVqQgAyC83d5NP8ivCuuoV6QgKuCluC%2FR0AErOT6%2Bh28qhDv82%2F0X8gFBBhr6rnnTk5Nq2rMIvtgXNoDP9Hoe7HmHXLG1Ia%2FIDcyjh15RQN5IM5zaT3PNLxJzAGvtxnTWO3w%2FM6CYJAwozJ1f5Bw%2FAyGdJxiYbyWvqoeyaWuMbhDKfmeSpbOJEpyFE%2Ft7cEbAgiUS3%2BXx%2FbpCWX%2Bo50AnZaNL83D442AEw3RLkPHjEP715OaK0hgL9sQPcYLlZAiSaaH3d7i9Re0FqUDzuucjoQd%2BxAYZXQV4ycpmqakXzLMWqz7KwDhLBwu%2FFQS5xWYf5w6G3jQ%3D%3D&nvMid=30083239671&catId=50001519
Apple 아이폰 13 mini 자급제 256GB 핑크,"1,057,300원",https://cr.shopping.naver.com/adcr.nhn?x=jMimPadfc9UKPPhSwfgr7P%2F%2F%2Fw%3D%3DsSu5PvFkmPAMJm5jgKDWNCwyGF2LmLNQcX91dlyLv4fthJz9H0Ub4KLvuVTVtNMxM%2BwZd%2Bq%2F%2FYQJ%2BrpCM2IhPlztUj4IljXmoejjBxsmI09zwGi4VGxjd9iM2iyFfHGsXkjSDobZ09UGv1Wdqr6ppZW3JzeXxkSdTecfUR4%2FvRQjd%2BKwjnmE8nmku4yNhWgwhmfLAARyRl0caaiEG3Q2bq9D4xCf1yKuZGZlWoMqRNxTp2ELNkX%2BvBMqEEJUG%2FxZYQnhwNsmOtDpWoXU74lX43aK5uUEs%2BqMGnIyvfnClDLCBiMHr7z0WHGXnV4VngUmt6gJg5WKZuSzTove3D%2BTfwcOmY27ZGze0Q%2BtXRlM4OxtarJoVrbEtunAYIkKGowOqzoIRv14hm95%2B1ooUrFTmOhWaWYkTj7xp9KvzGz7%2BZegbV9SohnsJOp40F4RSK4iNkd2jos1M5lglkzdII4PLp83zVaNSnElUms3mYOzPgGkTFHVfVt6irmg4aToR%2FDWxGl0cwMT9EKqrmdNslRhb8yH4i8e3HYCCxHPX4ggJmSy3AeXtCCEFJpwGuB0VzwAncBtvxRWG96r%2Fnhvp431360rfejZ6tVvtVvNC1tYqBuHZlVYLDEJpnI8cF6CMPSIWf%2FCN4TVAL3AXRd%2BHWH7AUVdBXjJymapqRfMsxarPsrAOEsHC78VBLnFZh%2FnDobeN&nvMid=29064819083&catId=50001519
아이폰 13 자급제 128GB 핑크 MLPH3KH/A,"1,046,727원",https://cr.shopping.naver.com/adcr.nhn?x=ANuHIEX%2BS4lhBVDHfSVQEP%2F%2F%2Fw%3D%3DsARO8tj2mTL8XDjixvnB7m19nvCYIpmaSP359CuvBY2cXfmlaZeQqomjdtI9e3qsmdx6T2LUHLGLaISJaoKa%2F36vS80fit2lhhgVYaUG53PK004FWsr9W52j%2FJAhdWL6PLr1tD37TP1v1T3hYyMHlqrNOGUZ7YZ7gDUZIfEDFGaNUJwg7HOKjafG7ZdvyQsIFBMf%2FmWXuo1EEY8gJeIT4LTO%2FjmUiVGLaAsDKmYMg5k35eoajySDW01gOBrcDbHCHHlES0MhA%2FQ2FhhnMNc0L1m3bLBzVfXedJehwLV5ZbN1IYy8HPr46V0yk8sXSJm%2FZQ%2BD%2Fo9glb0ukJK6bM8miKArsK1DNlYuW6vX8WB7j4Sk8fB6nb%2FXJCokVJa4hz65nBdZD5XXo9pDW4QJb%2BGETtBtX1KiGewk6njQXhFIriI2MksCcXIXSN6N%2Fvr5kU5tFzfNVo1KcSVSazeZg7M%2BAadzHOnW01aNzL%2Fr5P4YbP7cx8HbfIATSUUKDSTijU%2BhYTSQc3TZbNCDNk%2FYTzqNGSQvqet95udyQkKqCpL%2FVSchJs5lvdRRxWovlPGuchC9KqeBMt%2FOVAzsmdnUErPvS5umKDNRT7hXN8aKLeho2ZY7xEtbkA1atDGoNJLGOpYykZ8QBqpwGfrq4z%2FmI4oekJYKoDr6us%2BRKRCOTdsWr9TI%3D&nvMid=29609866919&catId=50001519
아이폰13 프로 맥스 256G 미개통 미개통 새상품,"1,384,510원",https://cr.shopping.naver.com/adcr.nhn?x=ZWIOneWRvaI2hnZsiKdnFv%2F%2F%2Fw%3D%3DsCbKAN9lmZkEIlOA2EbaLavRZjGcVDKPPjcAOsm7f1UUbsBKbbjTB%2BBCjsLv6tz%2Bjumxq2zMtRIsirGTpovQD2r6nOUypUXITzeQ%2BYkdOGj2fwFxph8PnBDmQLWQS6KdSGhyOu4aml9HlWUzi44Yj2C8ffQLw1x%2F8Lf5s6Y8TBIHXkj%2BZW%2F1lJfgqvRvZaBhRlMkcw21XSoOa2AHODnJ%2FvT5UodU%2FCp0c8tuC1mxxWLldoAC%2B8vbH4aBV%2FAKMbgYV6gJg5WKZuSzTove3D%2BTfwcOmY27ZGze0Q%2BtXRlM4OxtarJoVrbEtunAYIkKGowOqtLsTzjvN%2FR4tJn2t0B3vCtoy2p%2BX0tx3YFEyOfaIt6lhjJCiYA4JHC9pe%2FgFTXe%2Fl48wmuxyDO7Kg6KZ15fbhV5ezwmEqvXD99NCiDaUaKSL1VE4%2F2nYHlBcNUbZ2CpRtpYAsQFYAI32oHUxy29E7T7nxedBOLxP7owrb0xCyQ%2BGw9JUNCznOm0ti%2F3ZAfl4Fq0JUG33cIVP5RJXn9AtLhMvx1z1ozLaEeDkgQGsghRlNzdJFgkoR1MOL3Zb6EWFiHsGmCVSBPSzm0eLog0kNdL%2FUcOAcaY1qhsbOtVRfxtXc50eBITwugSNPH3Ok09sVpGw61BSdoQRvEGgfFlc5w%3D%3D&nvMid=29564863115&catId=50001519
아이폰13 프로 맥스 128G 자급제 새상품,"1,222,680원",https://cr.shopping.naver.com/adcr.nhn?x=zG%2FJDbnTRAcem%2B6TvefVIv%2F%2F%2Fw%3D%3Dsh1L9v3eeGJ%2BsPp6vOm0iDEi3%2FPVYmKWXkZ%2Fhqvzv1RhhJz9H0Ub4KLvuVTVtNMxMAU60x0j9nW58LJ9JECUVyTtUj4IljXmoejjBxsmI09zwGi4VGxjd9iM2iyFfHGsXRml9a9r4DPtUBhiUrGzJ2O0JZ4vKXq2xVuFay0gNbwiO%2FsdgQE5FIA0Tw1QMogpFahRXrD%2FlgDeP3XzGaF4plPFExPF4ukBX0PtVWub2pR3%2BvJW01BTdXAnG%2BdH7Qjh6eMS7LWFVaveNj33%2Bwr9hoYBsJjzV%2F3vl5Lmd9HbkUGI%2FzdYC%2FwYAihDQzAs9Z5v9sykY6xmwlfAEjWbvs4hxp5rozzkiBhjIH5Iu6C5qX6kBG6USNgA%2BnsCxZYeFkQYqgJC%2BG2RZYpi87gonvoe6vXk8bMEqY7ZpcvcQSdtkMpigoamvCACTT8rBsjR%2F4rGbx9lVkTdJxsS3w7OFYZXkJXLc5%2BqpdbqKVTjI53mrtM070D1T5Utrt4XQml1KTdgBifIQN6QrFvHaIphYpCbjAuYQsU7TtARBhTKL6TvT1FMEbqFaj33w1q0oyQTikt0fCUxtB4fQFpMd7hA4cZHDx29TZjqEQTAbFzUBl8432wvhVEAf6wwM5tqtSh0bB5Hx&nvMid=30078645988&catId=50001519
